<?xml version="1.0" encoding="UTF-8" standalone="no"?>
<!DOCTYPE log SYSTEM "logger.dtd">
<log>
<record>
  <date>2016-07-19T13:32:29</date>
  <millis>1468960349038</millis>
  <sequence>0</sequence>
  <logger>com.example.test</logger>
  <level>INFO</level>
  <class>com.example.jdbc.DatabaseTest</class>
  <method>main</method>
  <thread>1</thread>
  <message>About to test the connection</message>
</record>
<record>
  <date>2016-07-19T13:32:29</date>
  <millis>1468960349890</millis>
  <sequence>1</sequence>
  <logger>com.example.test</logger>
  <level>INFO</level>
  <class>com.example.jdbc.DatabaseTest</class>
  <method>main</method>
  <thread>1</thread>
  <message>Finished testing the connection</message>
</record>
</log>
